<?xml version="1.0" encoding="UTF-8"?>



<root>
    
    <instrument name="b">
        <instr_id> 13845672 </instr_id>
        <instr_name>Basic Instrumentation</instr_name>
        <des>"Laboratory instrument" is a general term for all kinds of instruments, vessels, and other tools needed for operations in various laboratories, synthesis and analysis. Laboratory Instruments are exposed to some extreme chemical and physical influences and must simultaneously provide accurate measurement results, must have a long life and provide safety for the user. Therefore, laboratory instruments have to have a high quality and be durable in order to meet the high standards in laboratory technology. Modern laboratory instruments have interfaces and can therefore be used not only by professionals but also by untrained personnel due to the user-friendly software operation. Tested and equipped with ISO calibration certificates, laboratory instruments deliver meaningful results in the shortest possible time. </des>
         <dop> 3.03.2018 </dop>
    </instrument>
    
    
</root>