<?xml version="1.0" encoding="UTF-8"?>



<root>
    
    <instrument name="c">
        <instr_id> 19873354 </instr_id>
        <instr_name>Microbial Tester</instr_name>
        <des>Our independent microbiology testing services offer world-class capability across many industries including food, consumer products, cosmetics and beauty products, medical devices, fuels, drinking water and oil exploration. From assessment of microbial contamination, quality control testing, shelf-life and challenge testing, our microbiology testing services can increase consumer confidence in your product, mitigate the negative effects of microbes in your production environment and safeguard your processes and personnel. </des>
        <dop> 17.06.2018 </dop>
    </instrument>
    
    
</root>