<?xml version="1.0" encoding="UTF-8"?>



<root>
    
    <instrument name="d">
        <instr_id> 15554378 </instr_id>
        <instr_name>Molecular Biology Instruments</instr_name>
        <des> The field overlaps with other areas of biology and chemistry, particularly genetics and biochemistry.

Molecular biology chiefly concerns itself with understanding the interactions between the various systems of a cell, including the interrelationship of DNA, RNA and protein synthesis and learning how these interactions are regulated.
Researchers in molecular biology use specific techniques native to molecular biology, but increasingly combine these with techniques and ideas from genetics and biochemistry.
Molecular biology is the study of molecular underpinnings of the process of replication, transcription and translation of the genetic material.
The central dogma of molecular biology where genetic material is transcribed into RNA and then translated into protein, despite being an oversimplified picture of molecular biology, still provides a good starting point for understanding the field.</des>
        <dop> 25.04.2018 </dop>
    </instrument>
    
    
</root>