<?xml version="1.0" encoding="UTF-8"?>



<root>
    
    <instrument name="e">
        <instr_id> 18427665 </instr_id>
        <instr_name>VITEK 2</instr_name>
        <des>
            The VITEK 2 system has everything healthcare laboratories need for fast, accurate microbial identification, and antibiotic susceptibility testing.

The innovative VITEK 2 microbial identification system includes an expanded identification database, the most automated platform available, rapid results, improved confidence, with minimal training time.

The VITEK 2 system next-generation platform provides greater automation while increasing safety and eliminating repetitive manual operations. The rapid response time means results can be provided more quickly than with manual microbial identification techniques.
        </des>            
        <dop> 25.04.2018 </dop>
    </instrument>
    
    
</root>